{
    "List": [
        "cs.CV",
        "cs.LG",
        "cs.AI",
        "stat.ML",
        "cs.CL",
        "cs.NE",
        "math",
        "cs.IR",
        "cs.RO",
        "q-bio",
        "physics",
        "cs.LO",
        "cs.SI",
        "cs.DS",
        "cs.IT",
        "stat.ME",
        "cs.HC",
        "cs.CR",
        "cs.DC",
        "cs.SD",
        "cs.CY",
        "stat.AP",
        "cs.MM",
        "stat.TH",
        "cs.DB",
        "cs.GT",
        "cs.CE",
        "cs.SY",
        "cs.MA",
        "stat.CO"
    ],
    "Frequency": {
        "cs.CV": 0.33907317073170734,
        "cs.LG": 0.335,
        "cs.AI": 0.2556341463414634,
        "stat.ML": 0.25185365853658537,
        "cs.CL": 0.15651219512195122,
        "cs.NE": 0.09314634146341463,
        "math": 0.06195121951219512,
        "cs.IR": 0.03519512195121951,
        "cs.RO": 0.02373170731707317,
        "q-bio": 0.023585365853658537,
        "physics": 0.018560975609756097,
        "cs.LO": 0.015682926829268293,
        "cs.SI": 0.015585365853658537,
        "cs.DS": 0.013902439024390244,
        "cs.IT": 0.01324390243902439,
        "stat.ME": 0.011170731707317073,
        "cs.HC": 0.010585365853658537,
        "cs.CR": 0.01002439024390244,
        "cs.DC": 0.009853658536585366,
        "cs.SD": 0.00948780487804878,
        "cs.CY": 0.009170731707317073,
        "stat.AP": 0.00878048780487805,
        "cs.MM": 0.008414634146341464,
        "stat.TH": 0.008195121951219513,
        "cs.DB": 0.007975609756097561,
        "cs.GT": 0.00775609756097561,
        "cs.CE": 0.006951219512195122,
        "cs.SY": 0.006585365853658536,
        "cs.MA": 0.006536585365853658,
        "stat.CO": 0.006341463414634147
    },
    "Weights": {
        "cs.CV": 7.193209610128039e-05,
        "cs.LG": 7.28066982162359e-05,
        "cs.AI": 9.541074324968991e-05,
        "stat.ML": 9.68429207824908e-05,
        "cs.CL": 0.00015583606046439146,
        "cs.NE": 0.0002618486514794449,
        "math": 0.0003937007874015748,
        "cs.IR": 0.000693000693000693,
        "cs.RO": 0.0010277492291880781,
        "q-bio": 0.001034126163391934,
        "physics": 0.001314060446780552,
        "cs.LO": 0.0015552099533437014,
        "cs.SI": 0.001564945226917058,
        "cs.DS": 0.0017543859649122807,
        "cs.IT": 0.001841620626151013,
        "stat.ME": 0.002183406113537118,
        "cs.HC": 0.002304147465437788,
        "cs.CR": 0.0024330900243309003,
        "cs.DC": 0.0024752475247524753,
        "cs.SD": 0.002570694087403599,
        "cs.CY": 0.0026595744680851063,
        "stat.AP": 0.002777777777777778,
        "cs.MM": 0.002898550724637681,
        "stat.TH": 0.002976190476190476,
        "cs.DB": 0.0030581039755351682,
        "cs.GT": 0.0031446540880503146,
        "cs.CE": 0.0035087719298245615,
        "cs.SY": 0.003703703703703704,
        "cs.MA": 0.0037313432835820895,
        "stat.CO": 0.0038461538461538464
    },
    "Translations": {
        "cs.AI": "Computer Science, Artificial Intelligence",
        "cs.AR": "Computer Science, Hardware Architecture",
        "cs.CC": "Computer Science, Computational Complexity",
        "cs.CE": "Computer Science, Computational Engineering, Finance, and Science",
        "cs.CG": "Computer Science, Computational Geometry",
        "cs.CL": "Computer Science, Computation and Language",
        "cs.CR": "Computer Science, Cryptography and Security",
        "cs.CV": "Computer Science, Computer Vision and Pattern Recognition",
        "cs.CY": "Computer Science, Computers and Society",
        "cs.DB": "Computer Science, Databases",
        "cs.DC": "Computer Science, Distributed, Parallel, and Cluster Computing",
        "cs.DL": "Computer Science, Digital Libraries",
        "cs.DM": "Computer Science, Discrete Mathematics",
        "cs.DS": "Computer Science, Data Structures and Algorithms",
        "cs.ET": "Computer Science, Emerging Technologies",
        "cs.FL": "Computer Science, Formal Languages and Automata Theory",
        "cs.GL": "Computer Science, General Literature",
        "cs.GR": "Computer Science, Graphics",
        "cs.GT": "Computer Science, Computer Science and Game Theory",
        "cs.HC": "Computer Science, Human-Computer Interaction",
        "cs.IR": "Computer Science, Information Retrieval",
        "cs.IT": "Computer Science, Information Theory",
        "cs.LG": "Computer Science, Machine Learning",
        "cs.LO": "Computer Science, Logic in Computer Science",
        "cs.MA": "Computer Science, Multiagent Systems",
        "cs.MM": "Computer Science, Multimedia",
        "cs.MS": "Computer Science, Mathematical Software",
        "cs.NA": "Computer Science, Numerical Analysis",
        "cs.NE": "Computer Science, Neural and Evolutionary Computing",
        "cs.NI": "Computer Science, Networking and Internet Architecture",
        "cs.OH": "Computer Science, Other Computer Science",
        "cs.OS": "Computer Science, Operating Systems",
        "cs.PF": "Computer Science, Performance",
        "cs.PL": "Computer Science, Programming Languages",
        "cs.RO": "Computer Science, Robotics",
        "cs.SC": "Computer Science, Symbolic Computation",
        "cs.SD": "Computer Science, Sound",
        "cs.SE": "Computer Science, Software Engineering",
        "cs.SI": "Computer Science, Social and Information Networks",
        "cs.SY": "Computer Science, Systems and Control",
        "stat.AP": "Statistics, Applications",
        "stat.CO": "Statistics, Computation",
        "stat.ME": "Statistics, Methodology",
        "stat.ML": "Statistics, Machine Learning",
        "stat.OT": "Statistics, Other Statistics",
        "stat.TH": "Statistics, Statistics Theory",
        "econ": "Economics",
        "eess": "Electrical Engineering and Systems Science",
        "math": "Mathematics",
        "astro-ph": "Physics, Astrophysics",
        "cond-mat": "Physics, Condensed Matter",
        "gr-qc": "Physics, General Relativity and Quantum Cosmology",
        "hep-ex": "Physics, High Energy Physics - Experiment",
        "hep-lat": "Physics, High Energy Physics - Lattice",
        "hep-ph": "Physics, High Energy Physics - Phenomenology",
        "hep-th": "Physics, High Energy Physics - Theory",
        "math-ph": "Physics, Mathematical Physics",
        "nlin": "Physics, Nonlinear Sciences",
        "nucl-ex": "Physics, Nuclear Experiment",
        "nucl-th": "Physics, Nuclear Theory",
        "physics": "Physics, Physics",
        "quant-ph": "Physics, Quantum Physics",
        "q-bio": "Quantitative Biology",
        "q-fin": "Quantitative Finance"
    }
}